applicant_id,gender,race,age,income,credit_score,loan_amount,employment_years,approved
1,Male,Black,25,174256.0,814,152213.0,2,1
2,Female,White,32,21663.0,794,31790.0,2,1
3,Male,Hispanic,46,183179.0,803,90159.0,13,0
4,Male,White,60,67328.0,616,422150.0,8,1
5,Male,Black,67,145751.0,704,490613.0,16,0
6,Female,Asian,28,90471.0,782,484690.0,5,1
7,Female,Black,58,94049.0,436,267708.0,22,0
8,Male,Asian,66,189205.0,735,396417.0,38,0
9,Male,Hispanic,31,31485.0,484,45360.0,21,0
10,Female,Asian,55,162506.0,723,498524.0,19,1
11,Male,White,58,45370.0,501,414138.0,14,0
12,Female,White,28,126249.0,489,139931.0,14,0
13,Male,Black,68,112537.0,839,50513.0,11,0
14,Male,White,31,141437.0,636,242742.0,39,1
15,Female,Black,49,125913.0,300,169423.0,35,1
16,Male,White,54,93148.0,363,473550.0,25,0
17,Male,Black,24,144621.0,825,316989.0,24,0
18,Male,Asian,46,34068.0,424,460714.0,12,0
19,Male,White,46,34154.0,655,297855.0,8,1
20,Female,Black,46,36926.0,514,49089.0,30,0
21,Female,Asian,48,94388.0,619,464548.0,27,0
22,Female,Hispanic,36,185441.0,827,71409.0,0,1
23,Male,Black,52,23533.0,733,288070.0,34,0
24,Female,Hispanic,53,67021.0,847,26407.0,23,1
25,Male,Black,33,164557.0,383,302471.0,22,0
26,Female,White,42,37186.0,661,130230.0,10,0
27,Male,White,61,197633.0,633,119079.0,20,1
28,Female,Hispanic,27,113228.0,645,153776.0,24,0
29,Male,White,60,41254.0,426,343043.0,26,0
30,Male,Black,45,168343.0,308,328530.0,33,0
31,Male,White,47,118565.0,399,345214.0,16,0
32,Male,White,65,80381.0,818,228726.0,28,0
33,Male,White,39,167979.0,593,320919.0,16,0
34,Female,White,27,125015.0,444,367729.0,37,0
35,Female,Black,24,120171.0,579,140918.0,21,0
36,Female,Black,26,141659.0,395,268475.0,34,0
37,Female,Black,70,168847.0,506,275606.0,3,0
38,Male,White,55,92603.0,691,374209.0,14,0
39,Male,Black,47,125799.0,643,79680.0,23,0
40,Male,White,50,175081.0,437,369216.0,6,1
41,Female,Asian,35,151807.0,756,36171.0,35,1
42,Male,White,26,73686.0,536,30486.0,33,1
43,Female,Asian,48,99344.0,671,229587.0,30,0
44,Female,Hispanic,42,131005.0,848,348243.0,9,0
45,Female,Black,29,122383.0,789,386740.0,2,0
46,Male,Hispanic,59,59938.0,697,115382.0,10,0
47,Female,White,47,100601.0,628,13882.0,0,1
48,Male,Black,44,49234.0,604,125357.0,5,0
49,Male,White,37,105268.0,462,156937.0,4,0
50,Female,White,35,195534.0,673,387078.0,4,1
51,Female,Asian,52,62582.0,388,306828.0,4,0
52,Male,Asian,24,189975.0,426,422880.0,24,0
53,Female,Asian,28,121699.0,417,260190.0,24,0
54,Male,Asian,34,45481.0,373,341315.0,23,0
55,Female,White,39,51480.0,429,339102.0,15,0
56,Male,Black,21,153555.0,788,439554.0,37,1
57,Female,White,59,97441.0,671,253801.0,4,0
58,Female,Hispanic,68,131276.0,718,358976.0,38,1
59,Female,Black,70,86286.0,495,375659.0,3,0
60,Male,Asian,63,106191.0,436,424183.0,31,0
61,Male,Black,22,133772.0,625,355003.0,23,0
62,Male,White,51,190493.0,407,431628.0,20,0
63,Female,White,67,61399.0,545,299632.0,18,0
64,Male,White,34,24773.0,466,296954.0,37,0
65,Female,Black,45,197917.0,382,417897.0,22,0
66,Male,White,30,155644.0,638,307245.0,11,0
67,Male,Asian,60,170784.0,847,266159.0,3,1
68,Male,White,35,66256.0,667,79291.0,11,0
69,Male,Black,36,173221.0,454,290175.0,6,1
70,Male,White,25,96892.0,581,209201.0,35,1
71,Female,Hispanic,25,187826.0,830,356104.0,37,1
72,Male,White,37,66416.0,416,223586.0,36,0
73,Female,Asian,49,173921.0,499,393005.0,20,0
74,Female,White,41,56582.0,505,324771.0,31,0
75,Female,Black,34,51690.0,560,256300.0,26,0
76,Male,White,43,30552.0,459,473888.0,40,1
77,Female,White,24,123975.0,828,132136.0,7,1
78,Male,White,52,48125.0,809,415273.0,28,1
79,Female,Hispanic,69,41296.0,470,243722.0,5,0
80,Male,Asian,21,104464.0,453,187698.0,36,0
81,Female,Hispanic,27,50492.0,314,424084.0,27,0
82,Female,White,66,72838.0,674,17977.0,26,0
83,Female,Black,25,179381.0,363,411869.0,39,0
84,Male,Asian,27,77600.0,301,316758.0,26,0
85,Male,White,61,83232.0,412,339528.0,0,0
86,Male,Black,34,87262.0,647,367876.0,16,0
87,Male,White,41,124700.0,325,288244.0,4,0
88,Female,White,64,158253.0,725,245091.0,35,0
89,Male,White,24,44816.0,823,420248.0,5,1
90,Female,Asian,33,163092.0,366,159932.0,7,0
91,Female,Asian,32,63062.0,689,76977.0,2,1
92,Female,White,53,104137.0,751,431521.0,8,0
93,Female,Asian,51,169181.0,685,33819.0,22,1
94,Female,White,58,47338.0,371,398685.0,32,0
95,Male,White,50,27316.0,624,238120.0,18,0
96,Male,Asian,28,187964.0,338,81410.0,12,1
97,Female,Black,31,115194.0,785,92146.0,11,1
98,Male,Asian,40,121411.0,843,400177.0,10,0
99,Male,White,62,135874.0,448,182460.0,1,0
100,Female,White,65,144998.0,554,50699.0,25,0
101,Male,Asian,60,46108.0,804,137321.0,8,1
102,Male,White,59,103580.0,764,282161.0,37,1
103,Male,Black,28,196977.0,810,195379.0,17,1
104,Male,Asian,29,69847.0,740,471744.0,2,0
105,Female,White,36,109024.0,527,499450.0,6,0
106,Female,Hispanic,54,49668.0,336,366376.0,23,0
107,Female,Asian,54,108654.0,556,164783.0,26,0
108,Female,White,47,114705.0,820,66862.0,6,1
109,Male,White,40,115541.0,673,285782.0,23,0
110,Female,Black,53,162618.0,806,433837.0,6,1
111,Female,Hispanic,24,75377.0,574,299277.0,36,1
112,Female,White,61,48833.0,426,79049.0,0,0
113,Female,White,67,173515.0,320,32924.0,14,0
114,Female,Hispanic,55,166565.0,708,199788.0,23,1
115,Male,Hispanic,27,180329.0,629,86671.0,2,1
116,Female,White,25,146702.0,804,248713.0,35,0
117,Male,Asian,23,172904.0,697,235898.0,0,0
118,Female,Black,41,66655.0,785,83406.0,26,0
119,Male,Black,47,177197.0,843,55230.0,12,1
120,Male,White,23,69694.0,748,208854.0,11,0
121,Female,Black,35,186953.0,544,359697.0,33,1
122,Male,Asian,54,138554.0,368,365667.0,30,0
123,Female,White,41,121215.0,608,6655.0,33,1
124,Male,White,58,70664.0,428,399236.0,22,0
125,Male,Hispanic,35,184323.0,841,89515.0,5,1
126,Male,Black,64,107318.0,353,209104.0,12,0
127,Female,Hispanic,21,170523.0,468,424332.0,35,0
128,Female,Hispanic,37,90941.0,633,493724.0,31,0
129,Male,Asian,62,176724.0,377,52619.0,22,0
130,Male,White,41,144645.0,815,116750.0,5,1
131,Male,Black,53,124327.0,450,423972.0,29,0
132,Female,Asian,55,63878.0,749,79810.0,5,1
133,Female,White,51,142033.0,320,99643.0,3,1
134,Male,Asian,37,87509.0,492,361348.0,0,0
135,Female,Black,31,75234.0,412,143907.0,23,0
136,Female,Asian,46,35054.0,368,112349.0,24,1
137,Male,Hispanic,59,178831.0,526,430336.0,10,1
138,Male,Black,66,86886.0,382,226439.0,4,0
139,Female,White,57,137107.0,567,297176.0,26,1
140,Female,White,56,127716.0,369,354795.0,24,0
141,Male,White,24,192772.0,728,274625.0,38,1
142,Male,White,34,109730.0,300,16664.0,38,0
143,Male,Black,31,93377.0,395,231312.0,38,0
144,Male,Hispanic,25,53977.0,762,84184.0,34,0
145,Male,White,40,131208.0,794,246159.0,40,0
146,Male,White,25,157096.0,719,495299.0,4,1
147,Male,White,25,100518.0,784,248665.0,1,1
148,Male,White,54,63739.0,627,134579.0,32,1
149,Male,White,34,169639.0,415,471424.0,3,0
150,Male,Black,55,125798.0,739,389680.0,38,0
151,Female,Asian,68,197356.0,666,233866.0,22,1
152,Male,White,30,37443.0,769,78531.0,23,0
153,Female,Black,68,108102.0,707,452898.0,28,0
154,Male,Black,65,129123.0,727,373316.0,23,0
155,Male,White,34,149936.0,796,303839.0,7,0
156,Female,Black,69,34887.0,617,357179.0,18,0
157,Female,Asian,50,63412.0,388,257805.0,0,0
158,Female,White,39,83192.0,513,447689.0,22,0
159,Male,Black,31,168851.0,682,416782.0,5,0
160,Male,Black,31,114753.0,468,70874.0,19,0
161,Female,Hispanic,49,170521.0,786,237176.0,39,1
162,Male,Black,55,151997.0,813,120056.0,0,1
163,Male,White,49,143049.0,516,26451.0,31,1
164,Female,White,45,107665.0,570,485693.0,29,1
165,Male,Black,70,97196.0,627,489895.0,9,0
166,Male,White,34,107283.0,342,44893.0,24,0
167,Female,Asian,27,181020.0,339,172537.0,26,0
168,Male,Black,58,90398.0,609,370084.0,14,0
169,Female,White,62,85750.0,322,52539.0,28,0
170,Female,White,68,78037.0,384,111479.0,12,0
171,Male,White,60,64314.0,802,336112.0,39,1
172,Male,White,23,175363.0,667,131515.0,6,1
173,Female,Hispanic,36,28275.0,656,476248.0,40,0
174,Female,White,45,189618.0,630,488877.0,8,0
175,Male,Asian,36,130339.0,478,53261.0,23,0
176,Male,Black,52,168756.0,568,386572.0,34,1
177,Male,White,55,95114.0,590,486699.0,34,1
178,Female,White,70,61840.0,769,242810.0,38,0
179,Female,Black,55,150285.0,465,278637.0,20,0
180,Female,Hispanic,66,93402.0,626,277484.0,34,1
181,Female,White,52,151485.0,582,62399.0,9,1
182,Female,White,44,167858.0,486,233671.0,1,0
183,Male,Asian,30,139749.0,405,91217.0,18,0
184,Female,Black,60,172194.0,450,95833.0,7,0
185,Male,White,25,147876.0,787,489668.0,36,1
186,Female,Asian,42,187557.0,562,270221.0,33,1
187,Male,White,57,40985.0,821,445209.0,11,1
188,Male,Asian,60,71072.0,643,498179.0,34,0
189,Female,White,58,120994.0,695,162676.0,25,0
190,Male,White,36,176225.0,459,415443.0,14,1
191,Female,Asian,33,39838.0,792,456334.0,17,1
192,Male,Black,59,150570.0,366,163828.0,11,0
193,Female,Black,68,49235.0,759,328147.0,37,1
194,Male,Black,51,137751.0,643,493286.0,36,0
195,Male,Hispanic,49,58173.0,800,24959.0,5,1
196,Female,White,56,139411.0,740,325021.0,17,0
197,Female,Hispanic,48,29244.0,323,256175.0,2,0
198,Male,Black,39,146556.0,474,202394.0,28,0
199,Male,Black,33,137990.0,630,75887.0,8,1
200,Female,White,38,184134.0,813,41204.0,28,0
201,Female,White,26,142566.0,465,308154.0,27,0
202,Female,Hispanic,64,69591.0,518,379162.0,29,0
203,Female,Asian,37,20245.0,418,197249.0,32,0
204,Male,Black,41,174880.0,798,482998.0,35,0
205,Male,White,53,52343.0,678,398063.0,20,0
206,Female,Hispanic,55,72224.0,801,279393.0,11,1
207,Male,Black,49,98416.0,461,281751.0,21,0
208,Female,White,47,54202.0,302,343102.0,7,0
209,Female,White,28,70414.0,569,246658.0,37,0
210,Female,Hispanic,46,38740.0,499,137644.0,18,0
211,Female,White,67,143981.0,710,362836.0,32,1
212,Male,White,37,63257.0,388,312184.0,9,0
213,Male,Hispanic,56,58040.0,513,49131.0,20,0
214,Male,Hispanic,70,85100.0,551,178393.0,12,0
215,Male,Asian,52,48503.0,622,258519.0,2,0
216,Male,Asian,37,156871.0,552,57711.0,21,1
217,Male,White,52,190993.0,700,342698.0,6,1
218,Female,Asian,43,90806.0,751,206332.0,25,0
219,Male,Asian,34,133514.0,456,43001.0,15,0
220,Male,Black,31,185469.0,328,472046.0,35,0
221,Male,Asian,46,138820.0,767,144246.0,20,1
222,Female,Asian,39,90515.0,754,157224.0,10,1
223,Female,White,58,180392.0,715,426869.0,20,0
224,Female,Black,44,195156.0,738,184119.0,33,0
225,Male,White,40,167733.0,572,52348.0,26,1
226,Male,Black,65,90912.0,756,199748.0,7,0
227,Male,Asian,39,160010.0,321,14569.0,4,0
228,Male,White,51,154263.0,629,138820.0,19,0
229,Female,White,28,76758.0,553,16105.0,21,0
230,Male,Asian,50,70356.0,707,245478.0,4,1
231,Male,Asian,55,53698.0,816,103336.0,13,1
232,Male,White,70,46106.0,367,342561.0,10,0
233,Male,White,39,36703.0,364,447119.0,6,0
234,Female,White,24,36327.0,816,159533.0,3,1
235,Male,Asian,39,112944.0,764,280999.0,23,0
236,Female,Asian,50,66423.0,762,95663.0,18,1
237,Female,Hispanic,32,80996.0,432,463937.0,22,0
238,Female,Asian,38,113166.0,737,264175.0,25,0
239,Male,Hispanic,68,171417.0,745,245079.0,11,0
240,Female,Asian,33,182969.0,359,159515.0,1,1
241,Male,White,27,22806.0,596,320365.0,34,0
242,Male,Hispanic,67,91156.0,472,232212.0,5,0
243,Female,Hispanic,28,107041.0,773,286414.0,28,1
244,Male,Black,44,165942.0,492,444173.0,26,1
245,Male,White,37,63035.0,426,142118.0,2,1
246,Male,White,46,109943.0,466,115596.0,14,0
247,Female,Asian,70,52524.0,776,196024.0,39,1
248,Female,Asian,66,28876.0,741,63135.0,34,1
249,Male,Black,62,142747.0,515,29727.0,32,0
250,Female,Hispanic,21,97573.0,594,108486.0,17,0
251,Female,White,28,191313.0,520,392978.0,6,1
252,Female,Asian,30,99235.0,606,43174.0,36,1
253,Male,Black,34,104800.0,559,369328.0,25,0
254,Male,White,41,90254.0,311,170944.0,14,0
255,Male,Black,21,170353.0,701,254569.0,37,0
256,Female,Hispanic,55,120999.0,498,137541.0,29,0
257,Female,Asian,50,132384.0,378,10330.0,24,0
258,Female,Asian,57,113264.0,321,62108.0,4,1
259,Female,Black,26,187879.0,806,217168.0,40,0
260,Male,Black,59,166733.0,378,54234.0,20,0
261,Male,Black,37,115448.0,308,415646.0,6,0
262,Female,Asian,70,20405.0,300,81884.0,19,0
263,Male,Asian,40,173760.0,380,359730.0,4,0
264,Male,Black,36,178257.0,598,77587.0,23,1
265,Male,Hispanic,61,48361.0,819,341934.0,27,0
266,Female,White,33,70176.0,346,113703.0,33,0
267,Male,Black,69,24590.0,781,69335.0,40,0
268,Female,Black,53,114184.0,479,137245.0,39,0
269,Male,Black,58,129751.0,467,200734.0,17,0
270,Female,White,25,166048.0,318,411012.0,27,1
271,Male,Black,62,127760.0,622,157242.0,6,1
272,Male,Asian,65,116555.0,600,400564.0,33,0
273,Male,Black,40,63007.0,470,256995.0,18,0
274,Male,Asian,68,51491.0,834,319275.0,32,1
275,Male,White,56,22174.0,832,156170.0,15,1
276,Male,White,55,120912.0,666,216012.0,36,0
277,Female,White,41,138173.0,622,184560.0,38,1
278,Male,Hispanic,23,172217.0,489,379535.0,40,0
279,Female,White,68,185516.0,581,282078.0,23,0
280,Male,White,39,126652.0,513,339037.0,17,0
281,Female,White,67,98407.0,568,111960.0,14,1
282,Female,Black,70,47633.0,486,299160.0,16,0
283,Male,Black,38,38220.0,747,180997.0,13,1
284,Female,Asian,49,121649.0,398,37622.0,19,0
285,Female,White,28,156097.0,716,425315.0,3,1
286,Female,White,57,164758.0,758,21326.0,20,1
287,Female,White,27,61018.0,750,58954.0,17,0
288,Female,Hispanic,31,65652.0,591,58017.0,30,0
289,Male,Black,61,194549.0,517,40289.0,11,0
290,Female,Asian,49,26548.0,599,499548.0,1,0
291,Male,Black,33,88059.0,541,246884.0,31,0
292,Male,Hispanic,67,128992.0,436,101295.0,23,0
293,Female,Black,70,57407.0,382,308675.0,40,0
294,Male,Asian,22,133767.0,839,374432.0,14,1
295,Male,Black,25,46919.0,656,316659.0,10,0
296,Female,White,32,187968.0,805,98523.0,38,1
297,Male,White,69,188036.0,386,131746.0,6,1
298,Male,Hispanic,48,85039.0,807,192925.0,4,0
299,Female,Black,66,105959.0,730,235607.0,14,0
300,Male,White,46,167104.0,483,41977.0,25,0
301,Female,Hispanic,41,107523.0,603,235695.0,2,0
302,Male,Black,34,130740.0,340,307877.0,17,0
303,Male,Hispanic,37,28648.0,404,416190.0,15,1
304,Male,White,28,175397.0,628,484500.0,10,1
305,Male,Black,46,154224.0,741,455833.0,27,0
306,Female,White,59,115185.0,724,309210.0,13,1
307,Female,Asian,26,68521.0,398,499387.0,17,0
308,Male,White,33,150259.0,477,70783.0,40,1
309,Female,Black,63,115936.0,633,110266.0,14,1
310,Male,White,67,137741.0,627,21031.0,10,0
311,Female,White,41,40094.0,519,496910.0,12,0
312,Female,White,30,90142.0,594,266260.0,16,0
313,Male,Black,44,122687.0,797,415803.0,29,0
314,Male,Black,61,137490.0,816,175655.0,8,0
315,Female,Asian,61,65314.0,476,72178.0,26,0
316,Female,Hispanic,52,135984.0,387,410646.0,8,0
317,Female,Asian,47,179596.0,334,353221.0,12,1
318,Female,White,43,182979.0,674,169189.0,3,0
319,Male,White,30,115143.0,432,158733.0,11,0
320,Male,Asian,50,104304.0,704,290702.0,13,0
321,Male,White,70,139388.0,498,311370.0,24,0
322,Female,White,28,41625.0,385,386077.0,5,1
323,Female,Hispanic,46,106614.0,625,185826.0,31,0
324,Female,Asian,53,142441.0,575,19539.0,7,1
325,Male,Hispanic,26,174993.0,526,373570.0,27,0
326,Male,Black,56,73216.0,405,368513.0,39,0
327,Female,Black,52,153616.0,652,71293.0,4,0
328,Female,White,57,53428.0,483,16884.0,18,0
329,Male,Asian,28,123394.0,574,206953.0,22,0
330,Female,White,52,72848.0,847,480482.0,15,1
331,Female,Hispanic,58,80373.0,520,348982.0,16,0
332,Male,Hispanic,23,109004.0,733,305088.0,34,0
333,Male,White,51,37051.0,499,340652.0,7,0
334,Female,White,68,70059.0,673,454055.0,5,0
335,Female,White,23,20977.0,314,92868.0,28,0
336,Female,White,54,127489.0,367,331124.0,2,0
337,Female,Hispanic,64,43586.0,553,169980.0,37,0
338,Female,Hispanic,40,154268.0,378,141292.0,35,1
339,Male,White,31,49348.0,370,141233.0,14,1
340,Male,Black,55,105398.0,391,193677.0,37,0
341,Female,Black,44,130948.0,685,19807.0,13,1
342,Male,Asian,57,37375.0,752,256872.0,10,0
343,Male,White,26,110523.0,654,337895.0,35,0
344,Male,Black,70,105295.0,633,105462.0,32,0
345,Female,Asian,28,94338.0,508,56716.0,29,0
346,Male,Hispanic,33,184409.0,689,440553.0,28,0
347,Male,White,55,70101.0,638,442333.0,35,1
348,Male,Hispanic,70,196503.0,714,337416.0,1,1
349,Female,Asian,42,22517.0,542,376871.0,3,0
350,Male,White,57,120830.0,726,196477.0,38,1
351,Male,Black,45,67871.0,797,49759.0,3,0
352,Male,White,44,117476.0,665,276670.0,13,0
353,Female,Black,23,42525.0,713,270205.0,2,0
354,Female,Black,25,159615.0,821,277088.0,35,0
355,Male,Asian,33,63060.0,541,57951.0,30,0
356,Female,Hispanic,45,52183.0,824,122277.0,15,0
357,Male,Hispanic,22,53787.0,730,213980.0,29,0
358,Male,Hispanic,47,66917.0,678,40304.0,26,1
359,Male,White,31,197982.0,364,106596.0,8,0
360,Male,White,54,41518.0,492,442984.0,1,0
361,Female,Hispanic,66,91227.0,365,175291.0,13,0
362,Male,Black,41,152964.0,347,247850.0,35,0
363,Female,White,31,90551.0,833,197267.0,14,1
364,Female,White,49,25909.0,652,58101.0,11,1
365,Female,White,27,73820.0,414,383096.0,38,0
366,Male,Black,51,120794.0,592,281254.0,12,0
367,Male,Hispanic,26,161491.0,410,135727.0,30,0
368,Male,Black,58,114492.0,451,314565.0,2,0
369,Male,White,24,134524.0,549,313845.0,13,1
370,Male,Black,47,82344.0,609,241402.0,34,0
371,Male,White,36,198006.0,395,207829.0,37,1
372,Female,White,44,158877.0,666,370298.0,1,0
373,Female,Asian,61,164153.0,544,216445.0,32,0
374,Male,Black,40,91390.0,456,412374.0,16,0
375,Female,Asian,24,138367.0,389,205247.0,8,0
376,Female,Black,56,81852.0,715,367433.0,34,0
377,Female,White,61,86641.0,836,295700.0,35,0
378,Male,Asian,47,145640.0,465,232518.0,33,0
379,Male,White,29,36363.0,645,392619.0,38,0
380,Female,Hispanic,57,149910.0,631,54919.0,4,0
381,Male,Black,66,92971.0,568,203892.0,25,0
382,Male,Asian,67,61885.0,512,49037.0,15,0
383,Male,White,53,113654.0,412,45876.0,20,1
384,Male,Asian,60,61753.0,462,213835.0,30,0
385,Male,White,64,94056.0,584,130882.0,19,0
386,Male,Black,51,151726.0,424,134383.0,34,1
387,Male,Black,67,121040.0,467,270339.0,8,0
388,Female,Hispanic,33,72690.0,771,464443.0,18,1
389,Female,White,38,182385.0,665,117273.0,12,1
390,Female,Asian,31,93867.0,808,44690.0,19,0
391,Male,White,57,169128.0,575,386888.0,10,1
392,Male,Black,58,75985.0,339,146031.0,6,1
393,Female,White,45,107497.0,612,314279.0,40,1
394,Female,Black,58,78853.0,328,324716.0,15,0
395,Female,Hispanic,44,119828.0,763,152853.0,26,0
396,Female,Black,46,178610.0,377,494529.0,24,0
397,Male,Asian,36,69891.0,667,314101.0,4,0
398,Male,Black,36,142757.0,609,8015.0,11,0
399,Male,Hispanic,61,104711.0,382,221222.0,33,0
400,Female,Black,36,189333.0,807,6965.0,31,0
401,Male,White,26,69696.0,456,215387.0,37,0
402,Female,Asian,46,79308.0,561,64549.0,12,0
403,Female,White,54,81196.0,636,374924.0,38,0
404,Female,Asian,59,186182.0,454,402327.0,4,0
405,Female,Hispanic,23,85126.0,600,489467.0,2,0
406,Female,Asian,55,146727.0,786,200728.0,18,1
407,Female,Asian,50,198191.0,509,318678.0,26,1
408,Male,White,31,94454.0,782,292210.0,7,1
409,Male,White,48,62077.0,500,155335.0,20,0
410,Male,White,51,108164.0,470,107795.0,24,0
411,Male,White,52,69323.0,593,283826.0,22,0
412,Male,Black,49,26155.0,786,335816.0,10,0
413,Female,White,61,176901.0,335,5676.0,20,0
414,Male,White,40,86566.0,448,424319.0,18,1
415,Male,Hispanic,65,38982.0,677,274368.0,6,1
416,Female,White,54,76402.0,456,184788.0,2,0
417,Male,Black,56,183195.0,746,70137.0,21,0
418,Female,Black,35,163004.0,700,141412.0,15,1
419,Male,Asian,31,64553.0,578,400895.0,12,0
420,Female,Asian,60,196852.0,765,292531.0,12,1
421,Male,Asian,68,47246.0,378,392300.0,25,0
422,Male,Black,53,108413.0,334,474634.0,27,0
423,Female,Asian,32,65217.0,642,423167.0,23,0
424,Male,Hispanic,37,42188.0,798,156865.0,37,1
425,Female,White,47,130411.0,408,69358.0,1,0
426,Female,White,36,29841.0,807,86117.0,33,1
427,Female,White,68,198511.0,755,264293.0,32,1
428,Male,Black,51,163821.0,723,110083.0,36,0
429,Female,White,58,104892.0,323,326257.0,18,0
430,Female,Hispanic,53,60216.0,817,129719.0,1,0
431,Female,Black,67,191709.0,394,331655.0,23,0
432,Male,Hispanic,45,162071.0,426,283324.0,3,0
433,Female,Asian,42,139382.0,813,236612.0,11,1
434,Female,Hispanic,36,122310.0,631,75415.0,7,0
435,Female,Asian,55,88549.0,648,87009.0,16,0
436,Female,Black,57,175242.0,831,200907.0,29,1
437,Female,Black,30,148184.0,457,96355.0,24,0
438,Male,White,31,25441.0,383,458768.0,36,0
439,Male,Asian,58,150211.0,613,319078.0,35,0
440,Male,Black,64,79508.0,716,246740.0,26,0
441,Male,Black,22,31256.0,446,34759.0,24,0
442,Male,White,48,170712.0,704,264896.0,31,0
443,Male,Asian,43,149448.0,733,203952.0,17,1
444,Male,White,63,188002.0,497,429796.0,38,1
445,Male,White,43,149467.0,306,353109.0,20,0
446,Female,Black,61,62579.0,461,422530.0,15,0
447,Male,Asian,38,189224.0,407,50115.0,33,1
448,Female,White,49,199793.0,783,362563.0,11,1
449,Male,White,55,127227.0,635,412386.0,2,0
450,Female,Hispanic,54,65179.0,800,362673.0,29,0
451,Male,Hispanic,40,49552.0,476,231246.0,1,0
452,Male,Black,68,157432.0,696,344761.0,24,0
453,Female,Hispanic,32,192837.0,515,352169.0,13,1
454,Female,White,32,95230.0,690,324416.0,5,0
455,Female,White,52,79516.0,631,338151.0,3,0
456,Female,Black,56,155914.0,740,482669.0,6,1
457,Female,White,34,98689.0,527,118829.0,8,1
458,Male,White,50,64127.0,676,451852.0,23,0
459,Male,Asian,35,53568.0,693,188045.0,35,1
460,Male,White,22,167305.0,491,420289.0,22,1
461,Female,Hispanic,38,177841.0,539,276128.0,11,0
462,Female,Black,68,113995.0,546,420822.0,11,0
463,Male,White,23,61943.0,352,124028.0,24,0
464,Female,White,28,37837.0,801,481174.0,4,1
465,Male,Hispanic,36,175154.0,481,499577.0,1,0
466,Male,Asian,60,156998.0,300,337343.0,21,1
467,Male,Hispanic,62,79647.0,765,127400.0,21,0
468,Male,Black,62,164888.0,436,248720.0,31,0
469,Female,Black,39,167612.0,545,151107.0,38,0
470,Female,White,32,77116.0,424,148305.0,1,1
471,Male,Asian,24,162589.0,412,100553.0,8,0
472,Female,White,57,50088.0,492,36345.0,33,0
473,Male,Asian,42,167023.0,743,257917.0,25,0
474,Female,White,50,101141.0,742,129280.0,11,1
475,Male,Black,24,36826.0,618,214372.0,28,0
476,Female,White,38,196503.0,477,289819.0,26,0
477,Female,Hispanic,58,188432.0,630,411484.0,31,1
478,Male,Asian,64,53691.0,724,52711.0,13,0
479,Female,White,49,140391.0,501,453968.0,9,0
480,Male,Black,50,188409.0,680,365661.0,16,0
481,Female,Asian,22,64957.0,552,367414.0,18,0
482,Female,Asian,44,60237.0,454,458693.0,9,0
483,Female,Black,66,40362.0,736,149742.0,13,0
484,Female,White,22,63672.0,355,222957.0,18,0
485,Female,White,44,86939.0,790,149668.0,27,0
486,Male,Black,30,179643.0,819,132484.0,15,1
487,Female,White,68,115988.0,612,87743.0,4,1
488,Female,Asian,28,121075.0,731,386058.0,36,1
489,Female,Asian,44,165166.0,524,287579.0,6,1
490,Male,White,54,26684.0,623,375625.0,3,0
491,Male,Black,46,118792.0,744,300320.0,29,1
492,Male,White,39,109365.0,524,370574.0,12,0
493,Male,Asian,43,78930.0,473,145262.0,22,1
494,Female,Hispanic,25,34583.0,686,144254.0,29,0
495,Female,Hispanic,57,108667.0,805,459008.0,0,0
496,Male,Hispanic,40,70550.0,636,160481.0,19,0
497,Male,Hispanic,41,103342.0,675,198805.0,9,0
498,Male,White,46,189391.0,668,334154.0,8,1
499,Male,Asian,51,96209.0,534,170210.0,19,0
500,Male,White,33,33727.0,458,491156.0,11,1
501,Female,Asian,42,62954.0,361,346741.0,15,0
502,Male,Asian,36,35800.0,737,150163.0,40,1
503,Female,Black,27,113521.0,841,202621.0,32,0
504,Male,Black,35,72131.0,610,161922.0,9,0
505,Male,White,64,107163.0,747,483996.0,10,1
506,Male,Black,51,42189.0,398,217689.0,10,0
507,Male,Black,33,96926.0,806,186801.0,5,0
508,Male,Black,42,112159.0,381,100271.0,15,0
509,Male,White,62,185257.0,351,116331.0,36,0
510,Male,Hispanic,21,53078.0,652,251257.0,24,0
511,Female,White,32,194455.0,572,387900.0,15,0
512,Male,White,66,20824.0,637,222725.0,27,0
513,Female,Black,42,174086.0,831,213979.0,35,1
514,Female,White,23,162176.0,463,150540.0,26,1
515,Male,White,54,48963.0,618,297507.0,34,0
516,Male,Black,44,77972.0,398,476251.0,35,0
517,Male,White,52,39701.0,416,491531.0,2,0
518,Female,Asian,31,123581.0,401,235927.0,35,0
519,Female,Black,63,25447.0,476,313442.0,29,0
520,Male,White,70,192231.0,667,49396.0,25,1
521,Male,White,25,165022.0,339,296054.0,23,0
522,Female,White,23,70792.0,750,453309.0,26,0
523,Male,White,38,130022.0,553,398728.0,1,0
524,Male,White,22,80488.0,414,430997.0,3,0
525,Female,White,50,144250.0,660,37737.0,27,1
526,Female,Black,45,143300.0,359,354305.0,35,0
527,Male,Asian,33,193867.0,801,412262.0,12,1
528,Female,White,49,39376.0,745,32362.0,0,1
529,Female,Hispanic,28,81603.0,483,478372.0,23,0
530,Male,Black,47,169115.0,502,368771.0,24,0
531,Male,Black,65,150266.0,325,100744.0,5,0
532,Female,Asian,32,108860.0,420,223421.0,24,0
533,Male,Asian,45,92611.0,682,324346.0,6,0
534,Male,White,63,23029.0,716,444925.0,19,1
535,Female,White,57,26942.0,560,472458.0,0,1
536,Male,Asian,33,81744.0,415,150830.0,21,0
537,Male,Hispanic,23,59248.0,549,391711.0,3,0
538,Male,White,21,67739.0,547,364113.0,11,0
539,Male,White,31,193067.0,850,229379.0,16,0
540,Male,White,56,59898.0,597,378639.0,20,0
541,Male,Black,22,73854.0,354,175750.0,23,0
542,Male,White,62,187834.0,713,471235.0,15,0
543,Male,Black,57,99841.0,832,76309.0,0,1
544,Male,Hispanic,26,27310.0,591,445193.0,6,0
545,Female,Black,34,92356.0,545,392442.0,26,0
546,Male,Asian,50,122511.0,751,407562.0,6,1
547,Male,Hispanic,54,158327.0,761,495587.0,7,0
548,Male,White,36,55507.0,656,72662.0,20,0
549,Female,Hispanic,51,88703.0,841,187218.0,21,1
550,Female,Black,58,127566.0,432,116445.0,6,0
551,Female,White,29,57488.0,732,18027.0,1,0
552,Male,White,34,74314.0,835,344517.0,10,1
553,Female,Hispanic,25,108691.0,726,299083.0,25,0
554,Male,White,68,23253.0,559,365275.0,17,0
555,Female,White,67,37589.0,571,324608.0,0,0
556,Female,Asian,59,145591.0,548,187197.0,12,1
557,Male,White,26,71317.0,823,343618.0,8,1
558,Female,White,56,83066.0,531,392287.0,35,0
559,Female,Hispanic,30,67838.0,619,94428.0,8,0
560,Female,Asian,58,52515.0,535,329368.0,2,0
561,Female,White,65,55097.0,545,330357.0,37,1
562,Male,Asian,66,137065.0,588,280716.0,19,0
563,Male,White,52,194371.0,393,459711.0,19,0
564,Female,White,69,61341.0,556,422855.0,5,0
565,Female,Asian,25,104535.0,605,431518.0,4,0
566,Female,Hispanic,63,78020.0,574,490898.0,30,0
567,Female,White,24,189212.0,812,18843.0,19,1
568,Male,Asian,23,105401.0,322,64037.0,33,0
569,Female,Black,29,140906.0,319,362265.0,2,0
570,Male,White,21,65570.0,458,326039.0,17,0
571,Male,White,51,22587.0,373,459515.0,5,1
572,Male,White,44,139322.0,728,432166.0,12,0
573,Male,Asian,32,133532.0,478,250239.0,14,0
574,Female,White,49,23694.0,593,487120.0,8,0
575,Female,White,70,156303.0,708,385760.0,37,0
576,Female,Black,47,39463.0,725,297068.0,37,0
577,Male,Hispanic,66,68964.0,656,252954.0,4,0
578,Male,Asian,51,42021.0,775,257117.0,11,1
579,Female,Black,35,175002.0,445,375726.0,11,0
580,Female,Hispanic,37,55896.0,507,31407.0,27,0
581,Female,White,68,107234.0,541,424488.0,29,0
582,Female,White,31,147271.0,696,76872.0,7,1
583,Female,Hispanic,62,133313.0,401,174035.0,33,0
584,Male,Black,57,36126.0,474,302331.0,6,0
585,Female,White,69,138145.0,324,353474.0,4,0
586,Male,Asian,41,60785.0,530,465042.0,24,0
587,Female,White,31,83236.0,356,376096.0,0,0
588,Female,Black,45,170040.0,358,435136.0,27,0
589,Female,Hispanic,40,36582.0,319,321606.0,19,0
590,Female,White,44,56335.0,319,436542.0,26,0
591,Male,Black,43,40198.0,412,241963.0,22,0
592,Female,White,48,37695.0,777,472095.0,38,0
593,Male,White,64,155956.0,757,151814.0,36,1
594,Male,Black,57,151888.0,489,400692.0,34,0
595,Female,Hispanic,40,179289.0,571,358140.0,21,0
596,Female,Black,39,58393.0,647,36571.0,34,0
597,Male,Asian,49,142041.0,344,471954.0,2,0
598,Male,White,27,116943.0,409,138383.0,1,0
599,Male,Asian,36,120088.0,736,67373.0,11,0
600,Female,Asian,37,51901.0,618,26111.0,14,1
601,Male,White,41,138466.0,371,459274.0,2,0
602,Female,Black,63,30311.0,779,206456.0,29,0
603,Female,Black,26,83863.0,335,442837.0,37,0
604,Male,White,66,21742.0,689,263951.0,30,0
605,Female,White,69,58875.0,573,276899.0,6,0
606,Male,Asian,24,123463.0,482,353097.0,35,0
607,Male,Asian,63,146362.0,535,182189.0,7,0
608,Male,White,51,101343.0,749,375896.0,40,0
609,Male,White,31,64887.0,582,133377.0,12,0
610,Female,White,32,154201.0,488,355092.0,0,0
611,Male,Hispanic,54,60465.0,622,310203.0,1,0
612,Male,White,49,26367.0,807,464328.0,1,1
613,Male,White,41,134430.0,838,198563.0,29,1
614,Female,White,39,143922.0,364,174457.0,8,0
615,Male,Asian,67,179052.0,734,150100.0,26,0
616,Female,Asian,53,183106.0,804,96917.0,30,1
617,Female,Black,23,123828.0,598,24249.0,32,0
618,Female,White,56,113582.0,315,224209.0,33,0
619,Male,Hispanic,34,20774.0,759,367419.0,10,0
620,Female,Asian,70,94324.0,614,222481.0,22,0
621,Male,Asian,46,195683.0,488,145826.0,31,1
622,Male,Asian,25,44606.0,520,88713.0,16,0
623,Female,White,34,52130.0,520,284328.0,5,1
624,Male,Asian,55,55831.0,666,28191.0,3,0
625,Male,Asian,37,147816.0,809,262011.0,15,0
626,Female,White,33,115749.0,472,92809.0,14,0
627,Female,White,32,172949.0,524,451054.0,8,1
628,Male,Black,70,147245.0,672,104391.0,18,0
629,Male,White,21,170742.0,374,218862.0,1,0
630,Male,White,35,115829.0,806,54033.0,21,1
631,Male,Asian,33,127318.0,552,418896.0,19,1
632,Male,White,55,28138.0,528,453930.0,9,0
633,Female,Hispanic,21,84984.0,575,154533.0,2,0
634,Male,Black,41,69935.0,354,92615.0,7,0
635,Female,Hispanic,60,95537.0,789,65551.0,5,1
636,Male,Black,47,169956.0,319,382412.0,36,0
637,Male,White,54,65795.0,428,103279.0,15,0
638,Male,White,50,153045.0,564,417560.0,29,0
639,Female,Asian,65,62520.0,771,8598.0,17,1
640,Female,White,53,26550.0,554,112621.0,29,0
641,Female,White,44,191901.0,443,362588.0,22,0
642,Male,Hispanic,53,112501.0,598,65691.0,35,0
643,Female,White,50,192066.0,597,258902.0,19,1
644,Male,Hispanic,58,34755.0,423,213925.0,0,0
645,Female,Asian,69,91836.0,784,60920.0,25,1
646,Female,Hispanic,21,132464.0,708,101689.0,21,1
647,Female,Hispanic,34,186027.0,425,393693.0,26,1
648,Male,Hispanic,43,167941.0,389,65289.0,10,0
649,Male,Black,43,169874.0,560,304418.0,2,0
650,Female,White,55,173818.0,489,310633.0,8,0
651,Male,Hispanic,36,147792.0,651,155597.0,16,0
652,Female,Hispanic,22,123846.0,798,498087.0,5,0
653,Male,Black,64,37215.0,541,258038.0,18,0
654,Male,White,41,135555.0,471,483867.0,8,0
655,Male,Asian,65,185248.0,605,181358.0,35,1
656,Male,Hispanic,32,122780.0,605,438826.0,23,0
657,Female,White,27,81376.0,515,57743.0,25,0
658,Male,Black,29,36046.0,518,270450.0,13,0
659,Female,White,56,190622.0,315,50682.0,15,0
660,Male,White,51,47223.0,497,375212.0,38,0
661,Male,Black,52,119948.0,797,492290.0,13,0
662,Male,White,36,140603.0,304,409454.0,18,0
663,Female,Hispanic,43,197372.0,521,66572.0,9,0
664,Male,Hispanic,57,82231.0,440,117824.0,22,0
665,Male,Hispanic,55,73388.0,735,282243.0,13,1
666,Female,Asian,55,26255.0,384,277217.0,28,0
667,Male,Asian,68,166997.0,363,413818.0,8,0
668,Male,Black,28,92005.0,530,424112.0,9,0
669,Female,Black,36,53453.0,652,473857.0,37,0
670,Male,Hispanic,68,56098.0,467,396505.0,14,0
671,Female,Asian,54,145799.0,832,152500.0,13,0
672,Male,Black,23,25194.0,352,27407.0,29,0
673,Female,Asian,23,157762.0,837,480024.0,21,0
674,Male,White,54,92945.0,375,314783.0,20,0
675,Female,Hispanic,30,40779.0,630,317219.0,14,0
676,Female,White,25,163733.0,355,10002.0,5,0
677,Female,Hispanic,28,152406.0,626,133821.0,32,0
678,Male,Asian,21,182777.0,713,286051.0,36,1
679,Male,Asian,48,180416.0,568,182027.0,9,1
680,Female,Black,21,102092.0,316,442750.0,25,0
681,Male,Asian,43,150051.0,758,429829.0,36,0
682,Female,White,44,43220.0,755,357233.0,35,0
683,Female,White,60,70637.0,591,114940.0,6,0
684,Female,White,54,70099.0,812,316061.0,27,1
685,Male,Hispanic,44,79800.0,577,338081.0,20,0
686,Female,White,49,51842.0,486,127399.0,30,0
687,Male,White,22,181226.0,822,47787.0,21,1
688,Male,Black,67,147378.0,734,283480.0,6,0
689,Female,White,64,160950.0,572,95628.0,37,1
690,Female,Hispanic,67,176628.0,340,370014.0,3,0
691,Female,White,42,107232.0,445,400759.0,17,0
692,Female,White,35,163002.0,556,488987.0,29,0
693,Female,White,42,183366.0,618,7970.0,37,1
694,Male,White,33,120068.0,363,432036.0,12,0
695,Male,Asian,51,122716.0,555,52539.0,15,1
696,Female,Black,30,33880.0,565,36149.0,25,0
697,Female,Black,31,187741.0,546,394251.0,35,0
698,Female,Black,31,141796.0,398,429359.0,31,0
699,Male,Hispanic,24,51403.0,747,302486.0,17,1
700,Male,Black,34,146025.0,335,408654.0,8,0
701,Female,White,34,122010.0,676,421499.0,27,1
702,Male,Hispanic,23,153290.0,638,231802.0,19,0
703,Female,Asian,48,49841.0,514,341924.0,7,0
704,Female,White,62,194459.0,751,475026.0,27,1
705,Female,White,53,174345.0,816,352235.0,39,1
706,Male,Asian,23,170172.0,625,36486.0,21,1
707,Male,Asian,65,20139.0,739,149016.0,31,1
708,Female,Hispanic,35,46409.0,619,229870.0,23,0
709,Male,Hispanic,35,36546.0,332,283142.0,35,0
710,Female,Black,53,75528.0,679,196458.0,7,0
711,Female,White,38,97329.0,562,399691.0,18,1
712,Female,Black,33,130578.0,560,327739.0,32,0
713,Male,White,43,140225.0,587,120480.0,27,0
714,Male,Hispanic,70,92007.0,359,412318.0,7,0
715,Male,Hispanic,21,62252.0,595,346887.0,20,0
716,Male,Hispanic,26,149784.0,607,51612.0,27,1
717,Female,Black,61,80591.0,685,397625.0,22,0
718,Male,White,22,99966.0,814,67072.0,18,1
719,Male,Asian,53,195894.0,616,221136.0,12,0
720,Male,White,33,87048.0,428,496993.0,28,1
721,Male,Black,26,65600.0,408,282053.0,5,0
722,Male,Black,67,72423.0,779,416503.0,4,0
723,Male,Hispanic,53,65312.0,755,93640.0,0,1
724,Male,White,60,115447.0,352,31861.0,2,1
725,Male,Hispanic,25,61527.0,404,245867.0,32,0
726,Male,White,65,89712.0,649,432750.0,19,0
727,Male,Black,59,50665.0,432,429599.0,22,0
728,Male,Hispanic,68,37165.0,758,196191.0,24,1
729,Male,Hispanic,69,33185.0,312,336958.0,23,0
730,Male,Asian,54,189969.0,610,297391.0,21,0
731,Female,White,39,94533.0,710,31567.0,24,1
732,Female,Asian,61,82834.0,590,383146.0,24,0
733,Female,White,52,107822.0,409,276331.0,37,0
734,Male,White,55,93851.0,690,325862.0,40,0
735,Male,Asian,59,138710.0,592,134775.0,19,0
736,Female,Asian,53,99344.0,423,490965.0,8,0
737,Female,White,46,90015.0,512,7879.0,7,1
738,Male,White,32,25446.0,752,270645.0,32,0
739,Male,Asian,29,57231.0,497,225921.0,23,0
740,Male,White,56,149245.0,530,220708.0,38,1
741,Female,White,29,63644.0,697,113441.0,39,0
742,Female,Hispanic,65,30251.0,597,319748.0,35,0
743,Male,Asian,29,65525.0,696,305375.0,0,0
744,Female,Asian,69,28492.0,437,143957.0,28,0
745,Female,White,24,20297.0,661,114738.0,15,0
746,Female,White,32,81903.0,765,422403.0,39,0
747,Male,White,49,145840.0,582,497877.0,40,0
748,Female,Black,63,69964.0,542,252281.0,36,0
749,Female,White,21,58402.0,728,177005.0,8,0
750,Male,White,64,127554.0,518,320048.0,19,1
751,Male,Black,66,181014.0,693,474108.0,40,0
752,Female,Asian,49,118013.0,837,201617.0,6,1
753,Female,White,26,76839.0,493,492804.0,8,0
754,Male,Black,32,38789.0,716,320900.0,2,0
755,Male,Black,47,162714.0,571,428686.0,13,0
756,Female,Black,47,86882.0,419,472947.0,34,0
757,Male,Asian,61,92338.0,839,84186.0,37,0
758,Male,White,46,109051.0,488,46184.0,35,0
759,Female,Black,69,182653.0,616,480738.0,38,0
760,Female,Black,22,111902.0,300,19752.0,35,0
761,Female,White,39,168896.0,725,350039.0,19,1
762,Male,White,60,107385.0,689,171537.0,33,1
763,Female,Asian,60,83817.0,468,368215.0,10,0
764,Female,White,68,191391.0,647,417742.0,20,1
765,Female,Black,31,181446.0,565,110957.0,6,1
766,Female,Asian,44,188347.0,680,22502.0,17,0
767,Female,Black,66,34559.0,594,80231.0,22,0
768,Female,Asian,52,91847.0,324,235369.0,1,1
769,Female,Hispanic,22,134884.0,401,216155.0,1,0
770,Female,Black,56,73176.0,573,372261.0,27,0
771,Male,Asian,58,118660.0,836,435424.0,36,0
772,Male,Asian,27,153675.0,512,341985.0,13,0
773,Male,Hispanic,26,190952.0,354,159059.0,38,0
774,Male,White,60,138353.0,403,345096.0,17,1
775,Male,Black,49,181853.0,453,403772.0,20,0
776,Female,White,42,115373.0,715,135956.0,18,1
777,Male,Black,50,187400.0,841,366962.0,29,0
778,Female,White,27,143113.0,589,382699.0,32,1
779,Female,White,47,103769.0,385,300671.0,12,1
780,Male,White,41,123384.0,786,152605.0,6,1
781,Male,White,27,66880.0,379,63517.0,16,0
782,Male,White,68,78320.0,305,427892.0,5,0
783,Male,White,30,143313.0,424,400230.0,17,1
784,Female,Black,64,132854.0,551,351977.0,3,0
785,Male,White,69,153355.0,301,261540.0,0,0
786,Male,Asian,41,183590.0,594,328458.0,26,1
787,Female,Black,65,172147.0,483,127542.0,1,0
788,Male,Black,49,116687.0,681,209603.0,31,0
789,Female,White,59,87861.0,309,87073.0,14,0
790,Male,White,63,147886.0,758,266502.0,17,1
791,Female,White,62,123831.0,466,191741.0,25,1
792,Male,White,43,153582.0,844,158917.0,18,1
793,Male,Black,42,90160.0,570,131035.0,25,1
794,Male,Hispanic,62,87815.0,379,94981.0,9,0
795,Male,Black,45,136294.0,630,134722.0,23,0
796,Male,Asian,67,91723.0,800,468790.0,26,0
797,Female,Black,50,177016.0,714,332123.0,24,0
798,Male,White,23,129138.0,667,261892.0,18,1
799,Male,Hispanic,32,189835.0,777,277991.0,24,1
800,Female,White,50,142952.0,792,269927.0,3,0
801,Male,Hispanic,57,53824.0,654,268729.0,32,1
802,Female,Black,44,121983.0,737,399359.0,4,0
803,Female,Asian,49,34077.0,670,448101.0,26,0
804,Female,White,63,122628.0,676,391681.0,21,1
805,Male,Black,40,91484.0,658,68535.0,28,0
806,Female,White,58,193490.0,347,421442.0,12,1
807,Female,Black,39,132536.0,729,86404.0,22,1
808,Female,Black,50,199770.0,568,468391.0,17,0
809,Female,White,28,142897.0,553,113694.0,10,1
810,Female,Black,49,163326.0,662,237801.0,8,0
811,Female,Hispanic,54,29895.0,331,156289.0,21,0
812,Male,Hispanic,38,180712.0,406,282266.0,39,0
813,Male,Asian,68,173676.0,346,424430.0,5,0
814,Male,Black,44,94551.0,751,109734.0,20,0
815,Male,Asian,35,112960.0,559,327298.0,33,0
816,Male,White,56,171118.0,798,446937.0,33,0
817,Male,Black,31,173307.0,836,365084.0,29,0
818,Female,Black,60,56634.0,512,53835.0,37,0
819,Male,White,49,52340.0,755,251939.0,10,1
820,Female,White,49,94374.0,489,496389.0,32,0
821,Female,Hispanic,35,74850.0,646,221507.0,40,0
822,Male,Hispanic,47,157793.0,714,53908.0,17,0
823,Male,Black,41,39469.0,668,350145.0,36,0
824,Male,Asian,66,116344.0,657,478193.0,19,0
825,Female,Asian,66,121812.0,671,435817.0,20,0
826,Female,White,66,45605.0,782,57060.0,21,1
827,Female,Asian,40,76609.0,786,449999.0,22,0
828,Male,Hispanic,23,134345.0,509,475905.0,6,0
829,Male,Black,63,160921.0,556,151122.0,24,0
830,Female,Black,64,132160.0,706,359129.0,16,0
831,Female,White,62,121970.0,365,156387.0,14,0
832,Male,White,62,124169.0,318,175911.0,3,0
833,Male,Black,34,192563.0,497,498673.0,6,0
834,Male,Asian,23,182792.0,759,153783.0,17,1
835,Female,White,54,42868.0,439,229785.0,22,0
836,Female,Hispanic,51,168519.0,610,70612.0,3,0
837,Female,White,59,165864.0,575,367996.0,8,1
838,Male,White,50,95233.0,625,273475.0,18,1
839,Male,White,68,186483.0,572,341527.0,17,0
840,Female,White,43,141809.0,665,101759.0,0,0
841,Male,White,37,82212.0,404,319847.0,21,0
842,Male,White,25,40557.0,765,269991.0,37,1
843,Female,White,26,92813.0,823,103216.0,28,1
844,Female,White,54,169022.0,645,380376.0,21,1
845,Female,Black,23,57795.0,510,412698.0,39,0
846,Female,Black,22,68997.0,698,498169.0,23,0
847,Female,Asian,69,86462.0,331,204364.0,25,1
848,Male,Hispanic,50,97846.0,515,104631.0,7,0
849,Male,White,38,71848.0,701,432311.0,31,0
850,Female,Asian,29,122922.0,799,476946.0,34,0
851,Male,Asian,22,161933.0,480,231309.0,33,1
852,Female,Black,23,49081.0,666,341121.0,31,0
853,Female,Black,32,52118.0,671,309952.0,9,0
854,Female,Asian,43,40297.0,337,395587.0,7,0
855,Female,Black,56,157851.0,835,346001.0,25,0
856,Female,Hispanic,22,46123.0,395,333776.0,13,0
857,Male,Black,61,119408.0,446,186999.0,30,0
858,Male,Hispanic,46,166763.0,417,205917.0,37,0
859,Male,White,65,172991.0,818,422852.0,10,1
860,Female,Hispanic,27,166753.0,591,131379.0,36,0
861,Male,Black,26,92013.0,642,457225.0,13,0
862,Male,Black,36,122970.0,585,30927.0,5,0
863,Male,White,21,130512.0,804,187688.0,33,1
864,Male,White,42,95937.0,760,388415.0,9,0
865,Female,White,67,169296.0,758,58384.0,22,0
866,Female,White,44,39162.0,450,190012.0,26,0
867,Female,White,44,20735.0,347,418062.0,29,0
868,Male,Asian,58,86252.0,831,418973.0,8,1
869,Female,Asian,54,32031.0,531,80226.0,8,0
870,Female,Hispanic,21,151202.0,454,408538.0,20,0
871,Female,White,25,169150.0,779,493584.0,1,1
872,Female,White,34,69734.0,612,70428.0,25,0
873,Male,Asian,21,32830.0,533,379378.0,25,0
874,Male,Asian,65,186789.0,539,17559.0,20,0
875,Female,Asian,63,168589.0,655,213864.0,35,0
876,Male,Asian,30,163130.0,767,206019.0,4,1
877,Female,Asian,34,191124.0,777,386521.0,7,0
878,Male,White,22,185609.0,620,430255.0,22,1
879,Male,Black,65,102435.0,835,401455.0,7,1
880,Female,Hispanic,43,176681.0,719,396319.0,22,0
881,Male,Asian,26,139096.0,776,313601.0,19,1
882,Male,Hispanic,67,33017.0,656,433825.0,1,0
883,Male,Hispanic,27,81927.0,824,254073.0,23,0
884,Female,Asian,56,27783.0,603,160075.0,21,0
885,Male,Hispanic,57,190837.0,402,91239.0,35,0
886,Male,Black,25,198817.0,445,408790.0,20,0
887,Male,White,37,172482.0,545,19653.0,37,0
888,Female,Asian,49,137286.0,600,477866.0,30,0
889,Female,White,46,85046.0,606,455787.0,18,0
890,Male,White,52,49919.0,364,335901.0,32,0
891,Male,Black,57,35543.0,474,250964.0,7,0
892,Male,Hispanic,61,196230.0,327,222138.0,15,0
893,Male,White,24,99500.0,715,87203.0,14,0
894,Female,Hispanic,55,167955.0,330,5499.0,18,0
895,Female,White,33,121362.0,572,199210.0,36,1
896,Female,White,33,67175.0,748,273805.0,23,1
897,Male,Black,38,118419.0,529,278204.0,21,0
898,Female,Black,65,54721.0,572,276776.0,30,0
899,Female,Black,65,156495.0,314,26769.0,15,0
900,Female,White,49,34761.0,738,118768.0,12,1
901,Male,Hispanic,60,182766.0,631,146153.0,4,0
902,Female,Asian,51,111058.0,660,486230.0,11,0
903,Female,Black,68,116252.0,674,332696.0,7,0
904,Male,Asian,60,39055.0,540,262519.0,8,1
905,Male,Black,21,23947.0,682,341513.0,2,0
906,Male,White,59,117019.0,781,42412.0,37,1
907,Female,White,65,181305.0,634,212807.0,35,0
908,Male,Hispanic,41,64812.0,746,174256.0,5,0
909,Female,Black,64,181221.0,712,452978.0,37,0
910,Female,Black,56,47075.0,583,90740.0,29,0
911,Male,Asian,69,195407.0,777,477707.0,30,1
912,Male,Black,64,50595.0,430,403144.0,17,0
913,Female,Asian,61,115749.0,564,165052.0,9,0
914,Female,White,21,107900.0,620,461395.0,29,1
915,Male,White,63,41235.0,713,148858.0,40,1
916,Female,Hispanic,66,133180.0,532,231059.0,12,0
917,Male,Black,65,126932.0,542,384577.0,34,0
918,Female,Black,56,120636.0,834,133875.0,33,1
919,Male,Asian,59,183966.0,758,134623.0,28,1
920,Female,Asian,41,163878.0,457,93900.0,6,0
921,Male,Hispanic,66,171087.0,310,161086.0,1,0
922,Male,White,21,97950.0,318,78847.0,9,0
923,Male,Hispanic,41,135209.0,553,495726.0,24,0
924,Female,White,31,101522.0,641,309510.0,39,1
925,Male,Hispanic,49,56836.0,603,113940.0,10,0
926,Male,Asian,27,78845.0,521,234897.0,3,0
927,Male,White,37,67971.0,366,25134.0,0,0
928,Male,White,65,69515.0,744,29176.0,40,0
929,Female,Black,42,148159.0,470,28618.0,30,0
930,Male,White,60,192818.0,301,347684.0,33,1
931,Male,Asian,21,189882.0,493,374204.0,32,0
932,Female,Asian,69,182732.0,723,423077.0,33,1
933,Female,White,54,30274.0,591,472516.0,36,1
934,Male,Hispanic,46,67018.0,808,264759.0,38,0
935,Female,White,45,74530.0,641,271106.0,15,1
936,Male,Asian,24,79948.0,331,177229.0,37,0
937,Male,Black,31,57617.0,781,493652.0,5,0
938,Male,White,32,20035.0,433,492105.0,17,0
939,Male,White,69,29467.0,744,161723.0,24,1
940,Male,White,64,106666.0,350,350282.0,35,1
941,Male,White,32,57144.0,490,302677.0,32,0
942,Male,Asian,64,139615.0,820,195142.0,27,0
943,Female,White,56,98150.0,325,403999.0,24,0
944,Female,Black,30,22894.0,841,67546.0,8,0
945,Female,Asian,58,101100.0,535,339089.0,21,0
946,Female,Hispanic,44,27029.0,371,64950.0,12,0
947,Male,White,34,116192.0,659,448320.0,24,1
948,Male,Asian,53,60119.0,704,107575.0,15,0
949,Female,Black,57,196791.0,407,332486.0,33,0
950,Female,Asian,47,142157.0,555,478714.0,13,1
951,Male,Hispanic,64,180425.0,465,358079.0,28,0
952,Female,Asian,61,163204.0,568,348170.0,14,1
953,Male,Black,27,56220.0,325,41395.0,40,0
954,Male,Black,35,27467.0,695,247767.0,20,0
955,Male,White,45,99930.0,439,107042.0,1,1
956,Male,White,35,127738.0,432,417118.0,0,1
957,Male,White,52,154661.0,743,125765.0,2,1
958,Male,Asian,63,21205.0,788,58229.0,10,1
959,Female,White,63,174414.0,524,268909.0,17,1
960,Male,White,23,136563.0,380,482129.0,1,0
961,Female,Black,45,62851.0,317,145015.0,37,0
962,Male,Asian,60,93490.0,496,321317.0,4,0
963,Female,Black,27,91312.0,687,299649.0,14,0
964,Female,Asian,34,35778.0,413,417745.0,3,0
965,Male,Black,57,80020.0,844,29950.0,33,1
966,Female,White,39,126322.0,499,224187.0,19,0
967,Female,White,37,89115.0,357,320272.0,22,0
968,Female,White,26,61433.0,339,74921.0,11,0
969,Male,Asian,47,34664.0,496,112260.0,39,0
970,Female,Asian,42,151235.0,350,495928.0,32,0
971,Male,White,62,92684.0,693,405164.0,22,1
972,Female,Black,38,30785.0,437,127898.0,16,0
973,Male,Asian,70,158929.0,417,472787.0,7,0
974,Male,Asian,68,181537.0,458,171740.0,40,1
975,Female,Asian,31,123650.0,710,224101.0,8,0
976,Female,Hispanic,49,104034.0,666,201534.0,37,1
977,Female,White,68,149144.0,316,30091.0,39,0
978,Male,Hispanic,70,99037.0,530,376041.0,8,0
979,Male,Asian,63,117258.0,403,336719.0,6,0
980,Female,Black,62,176431.0,683,416397.0,29,1
981,Male,Black,23,83979.0,847,266012.0,13,0
982,Male,Hispanic,36,39433.0,523,395677.0,24,0
983,Male,Hispanic,39,166356.0,396,258749.0,18,0
984,Male,White,68,73031.0,432,414946.0,19,0
985,Female,Black,25,24864.0,774,165388.0,17,0
986,Male,Asian,23,110908.0,435,348842.0,35,0
987,Male,Asian,43,47133.0,660,324821.0,16,0
988,Male,Asian,43,58938.0,690,359993.0,16,1
989,Female,Black,42,133271.0,546,98819.0,1,1
990,Male,Black,40,114911.0,316,241100.0,5,0
991,Female,Asian,43,142336.0,599,118087.0,19,0
992,Female,Asian,21,154086.0,698,232054.0,4,0
993,Female,Asian,66,89245.0,424,447577.0,12,0
994,Female,White,67,54025.0,720,53154.0,3,0
995,Female,Black,35,101071.0,844,343868.0,9,0
996,Female,White,49,70371.0,413,497381.0,17,0
997,Male,White,42,198679.0,400,192001.0,27,1
998,Female,White,68,47560.0,535,480351.0,20,0
999,Male,Hispanic,38,178655.0,426,167019.0,35,0
1000,Male,White,67,132292.0,754,198545.0,4,1
